De Nederlandse supporters,ond,juichten,pv,,wwg,,,,,,
Mijn kleine zusje,ond,krijst,pv,,wwg,,,,,,
De gymdocent ,ond,mopperde,pv,,wwg,,,,,,
Onze buurman op de camping,ond,heeft,pv,gesnurkt,wwg,,,,,,
De boze stier,ond,snuift,pv,,wwg,,,,,,
De verdediger van Barcelona,ond,heeft,pv,gescoord,wwg,,,,,,
Het vliegtuig,ond,daalt,pv,,wwg,,,,,,
Mijn kleine neefje,ond,is,pv,gegroeid,wwg,,,,,,
De trein naar Parijs,ond,is,pv,vertrokken,wwg,,,,,,
Het vliegtuig van de koningin,ond,is,pv,geland,wwg,,,,,,
De wegwerkers,ond,hebben,pv,gepauzeerd,wwg,,,,,,
De ijsjes,ond,smelten,pv,,wwg,,,,,,
De prijs van treinkaartjes,ond,is,pv,gestegen,wwg,,,,,,
De deur van de slaapkamer,ond,klemt,pv,,wwg,,,,,,
Ons plannetje,ond,heeft,pv,gefaald,wwg,,,,,,
Mijn stoel,ond,wiebelt,pv,,wwg,,,,,,
De kinderen uit groep vier,ond,gaan,pv,zwemmen,wwg,,,,,,
De oude vrouw,ond,is,pv,uitgegleden,wwg,,,,,,
De campinggasten,ond,hebben,pv,geklaagd,wwg,,,,,,
Mijn zusje,ond,zeurt,pv,,wwg,,,,,,
Mijn kleine neefje,ond,stotterde,pv,,wwg,,,,,,
De onderkoelde zwemmers,ond,bibberden,pv,,wwg,,,,,,
De vermoeide zwemmers,ond,rusten,pv,,wwg,uit,restpv,,,,
De enthousiaste kinderen,ond,hebben,pv,gezwaaid,wwg,,,,,,
De gearresteerde man,ond,heeft,pv,gelogen,wwg,,,,,,
Het publiek,ond,applaudisseerde,pv,,wwg,,,,,,
De recordpoging,ond,is,pv,mislukt,wwg,,,,,,
De gevangenen,ond,probeerden,pv,te ontsnappen,wwg,,,,,,
De monumentale toren,ond,stortte,pv,,wwg,in,restpv,,,,
De eindexamenkandidaat,ond,heeft,pv,afgekeken,wwg,,,,,,
De rondvaartboot ,ond,is,pv,vertrokken,wwg,,,,,,
Mijn rechterbeen,ond,jeukt,pv,,wwg,,,,,,
De fans van het tieneridool,ond,gillen,pv,,wwg,,,,,,
Deze twee zinnen,ond,rijmen,pv,,wwg,,,,,,
Mijn beide grootouders,ond,hebben,pv,gewerkt,wwg,,,,,,
De werknemers van het ziekenhuis,ond,lunchen,pv,,wwg,,,,,,
De teleurgestelde supporters,ond,balen,pv,,wwg,,,,,,
De jonge vosjes,ond,stoeien,pv,,wwg,,,,,,
De vrouw met het volle winkelmandje,ond,heeft,pv,voorgedrongen,wwg,,,,,,
De conditietrainer,ond,heeft,pv,hardgelopen,wwg,,,,,,
Mijn beste vriend,ond,gaat,pv,skiën,wwg,,,,,,
De boze hond,ond,gromt,pv,,wwg,,,,,,
Het paard van de springruiter,ond,heeft,pv,gegaloppeerd,wwg,,,,,,
Ons mooie kampvuur,ond,is,pv,uitgegaan,wwg,,,,,,
De winst van het bedrijf,ond,is,pv,gedaald,wwg,,,,,,
De prijs van goud,ond,is,pv,gestegen,wwg,,,,,,
De hordeloper,ond,is,pv,gestruikeld,wwg,,,,,,
De resultaten van het Brazilliaanse volleybalteam ,ond,zijn,pv,tegengevallen,wwg,,,,,,
De schade aan het gebouw,ond,viel,pv,,wwg,mee,restpv,,,,
Onze kleindochter,ond,slaapt,pv,,wwg,,,,,,
De fruitbomen,ond,zijn,pv,gegroeid,wwg,,,,,,
De trambestuurders,ond,staken,pv,,wwg,,,,,,
Mijn kleine neefje,ond,zeurt,pv,,wwg,,,,,,
De deuren van de trein,ond,zijn,pv,gesloten,wwg,,,,,,
De kinderen van mijn zus,ond,willen,pv,stoeien,wwg,,,,,,
De meegereisde supporters,ond,baalden,pv,,wwg,,,,,,
Het oude echtpaartje,ond,wandelt,pv,,wwg,,,,,,
De onvermoeibare wielrenner,ond,fietst,pv,,wwg,,,,,,
De marathonloper,ond,rende,pv,,wwg,,,,,,
De weergaloze ballerina,ond,heeft,pv,gedanst,wwg,,,,,,
De broer van mijn vriendin,ond,heeft,pv,gelogen,wwg,,,,,,
Mijn oudste zus,ond,studeert,pv,,wwg,,,,,,
De kat van de buren,ond,miauwt,pv,,wwg,,,,,,
Mijn oma,ond,heeft,pv,gezwommen,wwg,,,,,,
De geschiedenisjuf,ond,zeurt,pv,,wwg,,,,,,
De pasgeboren baby,ond,huilt,pv,,wwg,,,,,,
De jongens,ond,willen,pv,spelen,wwg,,,,,,
De prijs van zilver,ond,is,pv,gestegen,wwg,,,,,,
Het vliegtuig,ond,daalt,pv,,wwg,,,,,,
De leraren,ond,hebben,pv,vergaderd,wwg,,,,,,
Het misselijke meisje,ond,heeft,pv,overgegeven,wwg,,,,,,
Dat krakkemikkige roeibootje,ond,zal,pv,zinken,wwg,,,,,,
De vakantiegangers,ond,genieten,pv,,wwg,,,,,,
De kangoeroe,ond,springt,pv,,wwg,,,,,,
De reiziger,ond,is,pv,verdwaald,wwg,,,,,,
Willemijn,ond,aait,pv,de hond van de buren,lv,,wwg,,,,
Zij,ond,bezoekt,pv,het concert van haar favoriete band,lv,,wwg,,,,
De aanhangers van de voetbalvereniging ,ond,hebben,pv,het clublied,lv,gezongen,wwg,,,,
De sportvisser,ond,ving,pv,een schitterende forel,lv,,wwg,,,,
Ingeborg,ond,kuste,pv,haar vriendje,lv,,wwg,,,,
De vermoeide moeder,ond,waste,pv,het kindje,lv,,wwg,,,,
De keeper van het Nederlands elftal,ond,stopte,pv,de penalty,lv,,wwg,,,,
Ariani,ond,knuffelt,pv,haar moeder,lv,,wwg,,,,
De ijverige bevers,ond,hebben,pv,een dam,lv,gebouwd,wwg,,,,
De alerte strandwacht,ond,heeft,pv,het meisje,lv,gered,wwg,,,,
De uitzinnige menigte,ond,viert,pv,de verjaardag van de koning,lv,,wwg,,,,
De parachutist,ond,bewondert,pv,het geweldige uitzicht,lv,,wwg,,,,
Deze speciale crème,ond,kan,pv,rode vlekken,lv,genezen,wwg,,,,
Rembrandt van Rhijn,ond,schilderde,pv,De nachtwacht,lv,,wwg,,,,
Veel topsporters,ond,volgen,pv,een speciaal dieet,lv,,wwg,,,,
De bruidegom,ond,negeerde,pv,het advies van zijn familie,lv,,wwg,,,,
De wetenschapper,ond,deed,pv,een bijzondere ontdekking,lv,,wwg,,,,
De bioloog,ond,ontdekte,pv,een nieuwe vissoort,lv,,wwg,,,,
De medewerkers van de dierenambulance,ond,hebben,pv,de vastgevroren zwaan,lv,gered,wwg,,,,
Henk Angenent,ond,won,pv,de laatste Elfstedentocht,lv,,wwg,,,,
De frisdrankverkoper,ond,maakt,pv,een enorme winst,lv,,wwg,,,,
Annie M.G. Schmidt,ond,heeft,pv,mijn favoriete kinderboek,lv,geschreven,wwg,,,,
De twee snorkelaars,ond,zagen,pv,een kleine haai,lv,,wwg,,,,
Mario Balotelli,ond,heeft,pv,het winnende doelpunt,lv,gescoord,wwg,,,,
Ik,ond,heb,pv,mijn neef,lv,gebeld,wwg,,,,
De actievoerders,ond,hebben,pv,het gebouw van de regeringspartij,lv,bestormd,wwg,,,,
De schrijfster,ond,promootte,pv,haar nieuwe boek,lv,,wwg,,,,
De online jongerenkrant,ond,had,pv,twintigduizend abonnees,lv,,wwg,,,,
Het uiltje,ond,at,pv,een muisje,lv,,wwg,,,,
De marktkoopman,ond,verkocht,pv,handdoeken en zonnebrillen,lv,,wwg,,,,
De verpleger,ond,verzorgde,pv,de wond van de patiënt,lv,,wwg,,,,
De klassenleraar,ond,sprak,pv,de vervelende leerlingen,lv,,wwg,toe,restpv,,
Sommige medicijnen,ond,hebben,pv,vervelende bijwerkingen,lv,,wwg,,,,
De vandaal,ond,had,pv,het bushokje,lv,vernield,wwg,,,,
Mijn vader,ond,heeft,pv,een nieuw kookboek,lv,gekocht,wwg,,,,
Hoeveel kinderen,ond,hebben,pv,een eigen laptop,lv,,wwg,,,,
Zonnebrandcrème,ond,beschermt,pv,je huid,lv,,wwg,,,,
Mijn grootvader,ond,heeft,pv,zijn eigen huis,lv,gebouwd,wwg,,,,
De leerlingen uit de tweede klas,ond,maakten,pv,hun huiswerk,lv,,wwg,,,,
Het kleine kleutertje,ond,kreeg,pv,een hobbelpaard,lv,,wwg,,,,
Mijn konijn,ond,heeft,pv,het snoer van mijn oplader,lv,vernield,wwg,,,,
De docent,ond,bedacht,pv,nieuwe oefenzinnen,lv,,wwg,,,,
Het meisje,ond,heeft,pv,haar lesboek,lv,gesloten,wwg,,,,
Mijn zus,ond,heeft,pv,haar rijbewijs,lv,gehaald,wwg,,,,
De onvoorzichtige snowboarders,ond,veroorzaakten,pv,een lawine,lv,,wwg,,,,
Het wereldnatuutfonds,ond,beschermt,pv,bijzondere dieren,lv,,wwg,,,,
De waakhond,ond,beschermde,pv,het huis van zijn bazin,lv,,wwg,,,,
De dochter van mijn zus,ond,heeft,pv,wilde leeuwen,lv,gevoerd,wwg,,,,
De leeuwen,ond,vielen,pv,een jonge zebra,lv,,wwg,aan,restpv,,
De jeugdige bende,ond,beroofde,pv,een aantal winkels,lv,,wwg,,,,
De opmerking van de minister-president,ond,veroorzaakte,pv,een nationale discussie,lv,,wwg,,,,
Een zakenroller,ond,heeft,pv,mijn portemonnee,lv,gestolen,wwg,,,,
Thijs en Nienke,ond,kweken,pv,hun eigen tomaten,lv,,wwg,,,,
Airbags en gordels,ond,beschermen,pv,de bestuurder en passagiers van de auto,lv,,wwg,,,,
De voetballer,ond,negeerde,pv,de preek van de scheidsrechter,lv,,wwg,,,,
Ridder Tiuri en zijn vriend Piak,ond,beleefden,pv,allerlei spannende avonturen,lv,,wwg,,,,
Veel sportliefhebbers,ond,verzamelen,pv,plaatje van bekende voetballers,lv,,wwg,,,,
Drie miljoen Nederlanders,ond,bekeken,pv,de opening van de Olympische Spelen,lv,,wwg,,,,
De drie vrienden,ond,hebben,pv,Boedapest en Bratislava,lv,bezocht,wwg,,,,
De luide muziek,ond,verstoorde,pv,de nachtrust van de campinggasten,lv,,wwg,,,,
De Olympische sporter,ond,heeft,pv,een zilveren medaille,lv,gewonnen,wwg,,,,
Deze jonge zangeres,ond,heeft,pv,een geweldige stem,lv,,wwg,,,,
De ervaren docent,ond,verloor,pv,zijn geduld,lv,,wwg,,,,
De winnares van de poëziewedstrijd,ond,heeft,pv,een publicatie in de krant,lv,gewonnen,wwg,,,,
De pubers,ond,bestelden,pv,twee pizza's en een hamburger,lv,,wwg,,,,
De barbecue van het Nederlandse echtpaar,ond,veroorzaakte,pv,een zeer grote bosbrand,lv,,wwg,,,,
De fotograaf,ond,opende,pv,de tentoonstelling,lv,,wwg,,,,
De grootouders,ond,hebben,pv,de namen van hun kleinkinderen,lv,verwisseld,wwg,,,,
De omvangrijke encyclopedie,ond,bevatte,pv,"veel grafieken, tabellen en afbeeldingen",lv,,wwg,,,,
De afdelingsleider,ond,besprak,pv,de eindexamenresultaten,lv,,wwg,,,,
De bouwlieden,ond,hebben,pv,het huis,lv,gerestaureerd,wwg,,,,
De scholier,ond,erkende,pv,zijn fout,lv,,wwg,,,,
De ober,ond,liet,pv,de borden,lv,vallen,wwg,,,,
De zeewind,ond,bracht,pv,een beetje verkoeling,lv,,wwg,,,,
Alle mensen op het strand,ond,zagen,pv,de spelende dolfijnen,lv,,wwg,,,,
Het strand,ond,trekt,pv,miljoenen bezoekers,lv,,wwg,,,,
Experts van de universiteit,ond,hebben,pv,de waarde van het schilderij,lv,bepaald,wwg,,,,
De ontsnapte gevangene,ond,had,pv,een lange tunnel,lv,gegraven,wwg,,,,
De ouders,ond,wilden,pv,het huiswerk,lv,controleren,wwg,,,,
Veel bezoekers van de bloemenmarkt,ond,kopen,pv,tulpen en bloembollen,lv,,wwg,,,,
Het woord bank,ond,heeft,pv,meerdere betekenissen,lv,,wwg,,,,
Mijn jongere zusje,ond,heeft,pv,haar verlegenheid,lv,overwonnen,wwg,,,,
Wie,ond,gooide,pv,de bal,lv,,wwg,,,,
Een bakje yoghurt,ond,bevat,pv,miljarden goede bacteriën,lv,,wwg,,,,
Het getalenterde meisje,ond,behaalde,pv,de hoogste cijfers,lv,,wwg,,,,
De nieuwslezeres,ond,heeft,pv,een fijne stem,lv,,wwg,,,,
De leeuwin,ond,heeft,pv,een jonge zebra,lv,aangevallen,wwg,,,,
De verhuizers,ond,hebben,pv,de dure Chinese vaas,lv,laten vallen,wwg,,,,
De leerlingenraad,ond,had,pv,een geweldig eindfeest,lv,georganiseerd,wwg,,,,
De tuinmannen van hoveniersbedrijf 't Groene Hart,ond,hebben,pv,onze daktuin,lv,aangelegd,wwg,,,,
De medicijnman,ond,had,pv,geneeskrachtige kruiden,lv,geplukt,wwg,,,,
Een gekantelde vrachtwagen,ond,heeft,pv,de snelweg,lv,geblokkeerd,wwg,,,,
Prooidieren,ond,proberen,pv,weides zonder schuilplekken,lv,te vermijden,wwg,,,,
Het ongeluk,ond,had,pv,een lange file,lv,veroorzaakt,wwg,,,,
De arts van het medisch centrum,ond,heeft,pv,mijn gips,lv,verwijderd,wwg,,,,
Sommige mensen,ond,hebben,pv,vliegende schotels,lv,waargenomen,wwg,,,,
Een enthousiaste docent,ond,stimuleert,pv,zijn leerlingen,lv,,wwg,,,,
Rebellen,ond,hebben,pv,het parlementsgebouw,lv,bestormd,wwg,,,,
Een katalysator,ond,versnelt,pv,het chemische proces,lv,,wwg,,,,
De gevangengenomen soldaten,ond,moesten,pv,een kanaal,lv,graven,wwg,,,,
Ik,ond,verveel,pv,me,lv,,wwg,,,,
Hij,ond,zondert,pv,zich,lv,,wwg,af,restpv,,
Ik,ond,heb,pv,me,lv,gehaast,wwg,,,,
De ontsnapte criminelen,ond,hebben,pv,zich,lv,verstopt,wwg,,,,
De overvallers,ond,hadden,pv,zich,lv,vermomd,wwg,,,,
De getuige van mijn aanstaande man,ond,heeft,pv,zich,lv,verslapen,wwg,,,,
De omsingelde overvallers,ond,hebben,pv,zich,lv,overgegeven,wwg,,,,
Uw zoon,ond,heeft,pv,zich,lv,misdragen,wwg,,,,
De loodgieter,ond,heeft,pv,zich,lv,bezeerd,wwg,,,,
Ik,ond,heb,pv,me,lv,vergist,wwg,,,,
De coach,ond,gaf,pv,een handtekening,lv,aan de supporters van het succesvolle voetbalteam,mwv,,wwg,,
De acteur,ond,schenkt,pv,zijn salaris,lv,aan een goed doel,mwv,,wwg,,
Deze slager,ond,levert,pv,zijn kwaliteitsproducten,lv,aan de beste restaurants van de stad,mwv,,wwg,,
De oude docent,ond,wil,pv,de kennis van de Nederlandse grammatica,lv,aan de nieuwsgierige leerlingen,mwv,overdragen,wwg,,
Zij,ond,heeft,pv,haar spaargeld,lv,aan haar familie,mwv,nagelaten,wwg,,
De burgemeester,ond,zal,pv,de eresleutel van de stad,lv,aan de oudste inwoner,mwv,overhandigen,wwg,,
De corrupte voorzitter van de voetbalcub,ond,heeft,pv,een groot bedrag,lv,aan de scheidsrechter,mwv,betaald,wwg,,
De marktkoopman,ond,verkocht,pv,de vier antieke stoelen,lv,aan de verzamelaar,mwv,,wwg,,
De ijverige studente,ond,leende,pv,het studieboek,lv,aan haar vergeetachtige vriendin,mwv,,wwg,,
Leerlingen van basisschool Het wespennest,ond,zullen,pv,het geschenk,lv,aan de buitenlandse prins,mwv,aanbieden,wwg,,
De jonge vrouw,ond,wilde,pv,het goede nieuws,lv,aan haar ouders,mwv,meedelen,wwg,,
De gezakte eindexamenkandidaat,ond,heeft,pv,advies,lv,aan haar mentor,mwv,gevraagd,wwg,,
Zo'n slimme oplichter,ond,zal,pv,een beter leven,lv,aan zijn slachtoffers,mwv,beloven,wwg,,
Hij,ond,raadt,pv,een boek,lv,aan mij,mwv,,wwg,aan,restpv
Een paard,ond,bewijst,pv,zijn trouw,lv,aan zijn verzorger,mwv,,wwg,,
De bekende voetballer van Barcelona,ond,heeft,pv,een trucje,lv,aan de groep vrienden,mwv,geleerd,wwg,,
Niemand,ond,vertelt,pv,zijn geheim,lv,aan jou,mwv,,wwg,,
Verliefde pubers,ond,sturen,pv,briefjes,lv,aan elkaar,mwv,,wwg,,
Alle trotse ouders,ond,hebben,pv,bloemen,lv,aan de deelnemers van de Avondvierdaagse,mwv,gegeven,wwg,,
De organisator van de estafetteloop,ond,schenkt,pv,het opgehaalde bedrag,lv,aan het jeugdcentrum,mwv,,wwg,,
Verschillende grote bedrijven,ond,leveren,pv,de onderdelen voor de auto,lv,aan de fabriek,mwv,,wwg,,
Je,ond,kan,pv,sommige ziektes,lv,aan je geliefde,mwv,overdragen,wwg,,
Sommige mensen,ond,willen,pv,hun erfenis,lv,aan hun huisdieren,mwv,nalaten,wwg,,
De verkoopster met de mooie glimlach,ond,overhandigde,pv,het tasje,lv,aan de klant,mwv,,wwg,,
De jongeman met de sproetjes,ond,betaalt,pv,het bedrag,lv,"aan de caissière
",mwv,,wwg,,
De bloemist,ond,verkocht,pv,een prachtig stel rozen,lv,aan twee oude dametjes,mwv,,wwg,,
Mijn opa en oma,ond,leenden,pv,de boekenreeks van Dik Trom,lv,aan mijn nichtje,mwv,,wwg,,
De jongen,ond,bood,pv,zijn excuses,lv,aan de directeur,mwv,,wwg,aan,restpv
Ik,ond,moet,pv,dat,lv,aan mijn zus,mwv,vragen,wwg,,
De geschrokken autocoureur,ond,beloofde,pv,betere resultaten,lv,aan zijn sponsors,mwv,,wwg,,
Oplettende burgers,ond,hebben,pv,de zakkenroller,lv,aan de politie,mwv,overgedragen,wwg,,
De eigenaar van het complex,ond,heeft,pv,de sleutel,lv,aan mijn broer,mwv,gegeven,wwg,,
De enthousiaste commentator,ond,heeft,pv,verschillende complimentjes,lv,aan de sporter,mwv,gegeven,wwg,,
Multimiljonair Rupert Murdoch,ond,heeft,pv,een grote som geld,lv,aan het doveninstituut,mwv,geschonken,wwg,,
Onderzoekers,ond,hebben,pv,de schokkende resultaten,lv,aan de politie,mwv,overhandigd,wwg,,
Steven en Maarten,ond,hebben,pv,de boete,lv,aan de politie,mwv,betaald,wwg,,
De directeur van de school,ond,heeft,pv,Ipads,lv,aan de leerlingen,mwv,beloofd,wwg,,
De eigenaar van de souvenirwinkel,ond,heeft,pv,veel prullaria,lv,aan de toeristen,mwv,verkocht,wwg,,
Mijn vriendin,ond,heeft,pv,de rekening,lv,aan hem,mwv,gevraagd,wwg,,
De leraar,ond,vertelde,pv,de geschiedenis van het dorp,lv,aan de klas,mwv,,wwg,,
De cafébaas,ond,heeft,pv,een laatste rondje,lv,aan de gasten,mwv,aangeboden,wwg,,
De werknemer van het telecombedrijf,ond,heeft,pv,zijn vertrek,lv,aan de baas,mwv,meegedeeld,wwg,,
De arts,ond,heeft,pv,veel rust,lv,aan de patiënt,mwv,voorgeschreven,wwg,,
De dierentuin,ond,heeft,pv,de geboorte van het nijlpaardje,lv,aan het publiek,mwv,meegedeeld,wwg,,
Het ministerie van onderwijs,ond,heeft,pv,gratis schoolboeken,lv,aan alle leerlingen van het voortgezet onderwijs,mwv,beloofd,wwg,,
De politie,ond,gaf,pv,een fikse bekeuring,lv,aan de relschoppers,mwv,,wwg,,
De oprichter van Facebook,ond,beloofde,pv,betere privacyregels,lv,aan de gebruikers,mwv,,wwg,,
Sint-Maarten,ond,gaf,pv,de helft van zijn cape,lv,aan een arme man,mwv,,wwg,,
De koning,ond,beloofde,pv,de hand van zijn dochter,lv,aan een dappere ridder,mwv,,wwg,,
De automobiliste,ond,overhandigde,pv,haar rijbewijs,lv,aan de politieman,mwv,,wwg,,
De Jonge Jury,ond,overhandigde,pv,de eerste prijs,lv,aan de populaire schrijfster,mwv,,wwg,,
Het personeel van de verkoopafdeling,ond,heeft,pv,de klacht over het salaris,lv,aan de baas,mwv,meegedeeld,wwg,,
Het meisje,ond,heeft,pv,het favoriete balletje,lv,aan haar hond,mwv,gegeven,wwg,,
De voorzitter van de handbalbond,ond,overhandigde,pv,de beker,lv,aan het damesteam,mwv,,wwg,,
De televisiepresentator,ond,heeft,pv,de gouden plaat,lv,aan de zanger,mwv,overhandigd,wwg,,
"De caissière
",ond,gaf,pv,de kassabon,lv,aan de klant,mwv,,wwg,,
De dader van het geweldsdelict,ond,moest,pv,een schadevergoeding,lv,aan het slachtoffer,mwv,betalen,wwg,,
De aftredende vorstin,ond,heeft,pv,haar kroon,lv,aan haar schoondochter,mwv,overgedragen,wwg,,
De medewerker van het laboratorium,ond,heeft,pv,de resultaten van het onderzoek,lv,aan zijn begeleider,mwv,meegedeeld,wwg,,
Mijn opa en oma,ond,hebben,pv,een sterrenkijker,lv,aan mijn broer,mwv,gegeven,wwg,,
De ambulancebroeder,ond,heeft,pv,extra zuurstof,lv,aan de patënt,mwv,gegeven,wwg,,
De archeoloog,ond,heeft,pv,een bijzondere schedel,lv,aan mijn broer,mwv,verkocht,wwg,,
De boer,ond,moest,pv,een deel van zijn oogst,lv,aan zijn leenheer,mwv,geven,wwg,,
De man,ond,heeft,pv,een nier,lv,aan zijn zus,mwv,gegeven,wwg,,
De ambulancebroeders,ond,hebben,pv,het donorhart,lv,aan de chirurgen,mwv,overhandigd,wwg,,
De jarige tweeling,ond,deelde,pv,plakjes cake,lv,aan de klas,mwv,,wwg,uit,restpv
De eigenaar van het kasteeltje,ond,heeft,pv,de sleutels,lv,aan de aannemer,mwv,overgedragen,wwg,,
Mijn vriend,ond,heeft,pv,oplaadbare batterijen,lv,aan mij,mwv,geleend,wwg,,
De fotograaf,ond,gaf,pv,aanwijzingen,lv,aan het model,mwv,,wwg,,
Het meisje,ond,gaf,pv,een baal hooi,lv,aan haar verzorgpony,mwv,,wwg,,
De ober,ond,schonk,pv,een glas wijn,lv,voor de stamgast,mwv,,wwg,in,restpv
De gefortuneerde weduwe,ond,heeft,pv,een landhuis,lv,aan haar kleinzoon,mwv,nagelaten,wwg,,
De sympathieke spits,ond,gunde,pv,het doelpunt,lv,aan zijn teamgenoot,mwv,,wwg,,
De alternatieve arts,ond,heeft,pv,een speciale kruidenmix,lv,aan de patiënt,mwv,voorgeschreven,wwg,,
Mijn collega,ond,heeft,pv,deze sportfiets,lv,aan mij,mwv,aangeraden,wwg,,
De bibliothecaresse,ond,overhandigde,pv,de gereserveerde boeken,lv,aan de boekenwurm,mwv,,wwg,,
De rijke voetbalclub,ond,betaalde,pv,een riante opleidingsvergoeding,lv,aan de amateurclub,mwv,,wwg,,
De automobiliste,ond,heeft,pv,een lift,lv,aan de verdwaalde toeristen,mwv,aangeboden,wwg,,
De producent,ond,bood,pv,de hoofdrol,lv,aan een onbekende actrice,mwv,,wwg,aan,restpv
De brandweerman,ond,bood,pv,zijn hand,lv,aan het angstige jongetje,mwv,,wwg,aan,restpv
"De circusdirecteur
",ond,verkocht,pv,zijn tijgers,lv,aan de dierentuin,mwv,,wwg,,
De wethouder,ond,bood,pv,de vertrouwelijke vergaderstukken,lv,aan de journalist,mwv,,wwg,aan,restpv
De fysiotherapeut,ond,raadde,pv,een langdurige revalidatie,lv,aan de atleet,mwv,,wwg,aan,restpv
De coach,ond,vertelde,pv,de opstelling,lv,aan de journalist,mwv,,wwg,,
De volleybalcoach,ond,gunde,pv,een periode van rust,lv,aan de aanvaller,mwv,,wwg,,
Het onderzoeksbureau,ond,overhandigde,pv,het milieurapport,lv,aan de minister,mwv,,wwg,,
De chirurg,ond,droeg,pv,de zorg voor de patiënt,lv,aan de verpleger,mwv,,wwg,over,restpv
De rechter,ond,deelde,pv,de voorwaardelijke gevangenisstraf,lv,aan de verdachte,mwv,,wwg,mee,restpv
De presentator,ond,overhandigde,pv,de autosleutels,lv,aan de gelukkige winnaar,mwv,,wwg,,
De nieuwslezer,ond,deelde,pv,het overlijdensbericht,lv,aan de kijker,mwv,,wwg,mee,restpv
Onze buurman,ond,levert,pv,de verse aardappelen,lv,aan dat biologische restaurant,mwv,,wwg,,
De staatssecretaris,ond,heeft,pv,de zwakke economische verwachtingen,lv,aan de minister-president,mwv,meegedeeld,wwg,,
De notaris,ond,overhandigde,pv,het koopcontract,lv,aan het enthousiaste echtpaar,mwv,,wwg,,
De sportvisser,ond,overhandigde,pv,de verse baars,lv,aan het visrestaurant,mwv,,wwg,,
De wereldreiziger,ond,stuurde,pv,allerlei kaartjes en brieven,lv,aan zijn dochters,mwv,,wwg,,
De coördinator,ond,mailde,pv,de noodzakelijke informatie,lv,aan de mentoren van de tweede klas,mwv,,wwg,,
De officier,ond,leerde,pv,de nieuwe aanvalsstrategie,lv,aan zijn eenheid,mwv,,wwg,,
De kunstenaar,ond,stuurde,pv,het ontwerp van het nieuwe logo,lv,aan zijn opdrachtgevers,mwv,,wwg,,
Hem,mwv,heb,pv,ik,ond,dat boek,lv,geschonken,wwg,,
Mijn collega,mwv,heeft,pv,hij,ond,dat,lv,verteld,wwg,,
Sommige journalisten,mwv,heeft,pv,hij,ond,een leugen,lv,verteld,wwg,,
Haar,mwv,heeft,pv,hij,ond,een grote bos bloemen,lv,gestuurd,wwg,,
Aan de winnares van de zwemfinale,mwv,heeft,pv,de voorzitter van de sportbond,ond,een gouden medaille,lv,gegeven,wwg,,
Jullie,mwv,heeft,pv,hij,ond,een nieuwe fiets,lv,beloofd,wwg,,
Mij,mwv,heeft,pv,hij,ond,dat trucje,lv,geleerd,wwg,,
Aan mijn buurman,mwv,heeft,pv,de baas van de woingbouwvereniging,ond,een nieuwe badkamer,lv,beloofd,wwg,,
Mij,mwv,heeft,pv,die sluwe man,ond,de code van mijn creditcard,lv,ontfutseld,wwg,,
Aan zijn directe familie,mwv,heeft,pv,de overleden man,ond,een groot fortuin,lv,nagelaten,wwg,,
De eigenaar van het café,mwv,moet,pv,hij,ond,zijn excuses,lv,aanbieden,wwg,,
Aan zijn lievelingscollega,mwv,heeft,pv,de computerdeskundige,ond,het raadsel,lv,ontfutseld,wwg,,
Aan de bijlesleerlingen,mwv,gaf,pv,de docent,ond,extra uitleg,lv,,wwg,,
Aan de dokter,mwv,heeft,pv,hij,ond,de vragen,lv,gesteld,wwg,,
Aan de rechter,mwv,vroegen,pv,de leden van de Russische popgroep,ond,een eerlijk proces,lv,,wwg,,
Mijn beste vriend,mwv,heb,pv,ik,ond,mijn brommer,lv,geleend,wwg,,
Wie,mwv,zal,pv,ik,ond,een roos voor Valenstijnsdag,lv,geven,wwg,,
De voetbalsupporters,mwv,beloofde,pv,de bondscoach,ond,een klinkende overwinning,lv,,wwg,,
Jullie,mwv,heeft,pv,hij,ond,dit keuzevak,lv,aangeraden,wwg,,
Aan de uitmuntende student,mwv,heeft,pv,de overheid,ond,een studiebeurs,lv,gegeven,wwg,,
Aan het naaktmodel,mwv,gaf,pv,de schilder,ond,duidelijke aanwijzingen,lv,,wwg,,
Aan Sinterklaas,mwv,heeft,pv,hij,ond,een nieuwe spelcomputer,lv,gevraagd,wwg,,
Aan het hotelpersoneel,mwv,gaf,pv,de directeur,ond,duidelijke instructies,lv,,wwg,,
Ons,mwv,raadde,pv,de hypotheekadviseur,ond,de aanschaf van een duurder huis,lv,,wwg,af,restpv
Aan de wisselspeler,mwv,gaf,pv,de coach van de A1,ond,een belangrijke taak,lv,,wwg,,
Haar,mwv,geef,pv,ik,ond,een bos bloemen,lv,,wwg,,
"De caissière
",mwv,vroeg,pv,de klant,ond,de prijs van een pak melk,lv,,wwg,,
Aan de klant,mwv,heeft,pv,de winkelier,ond,de twee tassen,lv,overhandigd,wwg,,
De zwerfkatjes,mwv,heeft,pv,de bejaarde vrouw,ond,een blikje voer,lv,gegeven,wwg,,
De Hartstichting,mwv,heeft,pv,de gefortuneerde weduwe,ond,een flink bedrag,lv,geschonken,wwg,,
Aan verschillende supermarkten,mwv,heeft,pv,de biologische boer,ond,zijn vlees,lv,verkocht,wwg,,
Aan de politie,mwv,heeft,pv,de alerte winkeleigenaar,ond,de dievegges,lv,overgedragen,wwg,,
Zijn broer,mwv,heeft,pv,de overleden man,ond,een achttiende-eeuwse tafel,lv,nagelaten,wwg,,
De uitbundige zeilsters,mwv,heeft,pv,de kroonprins,ond,de medailles,lv,overhandigd,wwg,,
Aan een jong gezin,mwv,hebben,pv,mijn ouders,ond,hun tweede auto,lv,verkocht,wwg,,
Aan de burgemeester van het pittoreske dorpje,mwv,heeft,pv,de jury,ond,de oorkonde voor het mooiste dorp van Nederland,lv,overhandigd,wwg,,
Sporters,mwv,raadt,pv,de voedingsdeskundige,ond,dit speciale dieet,lv,,wwg,aan,restpv
Ouders van opgroeiende kinderen,mwv,heeft,pv,de diëtiste,ond,deze voedingsmiddelen,lv,afgeraden,wwg,,
De bewoners van het bejaardentehuis,mwv,heeft,pv,de vrijwilliger,ond,een computercursus,lv,gegeven,wwg,,
De jonge kalfjes,mwv,heeft,pv,de boer,ond,een flesje,lv,gegeven,wwg,,
Aan de schorre presentator,mwv,heeft,pv,de dokter,ond,keelpastilles,lv,voogeschreven,wwg,,
De buitenlandse toeristen,mwv,heeft,pv,de gids,ond,een rondleiding,lv,gegeven,wwg,,
Haar beste vriendin,mwv,heeft,pv,Tessa,ond,een ansichtkaart,lv,gestuurd,wwg,,
De verkouden zangeres,mwv,heeft,pv,de huisarts,ond,vitaminepillen,lv,voorgeschreven,wwg,,
Zijn directe familie,mwv,heeft,pv,de wetenschapper,ond,die besmettelijke ziekte,lv,overgedragen,wwg,,
Mij,mwv,heeft,pv,hij,ond,zijn mobiele telefoon,lv,geleend,wwg,,
Hem,mwv,heeft,pv,zij,ond,niks,lv,verteld,wwg,,
De inwoners van het straatarme gebied,mwv,heeft,pv,de stichting,ond,twee nieuwe waterputten,lv,geschonken,wwg,,
Hem,mwv,hebben,pv,zijn ouders,ond,een nieuwe fiets,lv,beloofd,wwg,,
Aan de patiënt,mwv,moest,pv,de chirurg,ond,het slechte nieuws,lv,meedelen,wwg,,
Zijn opvolger,mwv,droeg,pv,de rector,ond,zijn verantwoordelijkheden,lv,,wwg,over,restpv
Aan de verlegen leerling,mwv,vroeg,pv,de geschiedenislerares,ond,het juiste antwoord,lv,,wwg,,
Aan de marathonloper,mwv,heeft,pv,de verkoper,ond,deze speciale hardloopschoenen,lv,aangeraden,wwg,,
Aan de watervlugge spits van Utrecht,mwv,heeft,pv,de sportarts,ond,betere scheenbeschermers,lv,aangeraden,wwg,,
Haar,mwv,stuurde,pv,hij,ond,een bos rozen,lv,,wwg,,
Aan de drie vriendinnen,mwv,overhandigde,pv,de verhuurder,ond,de sleutels van het Spaanse appartement,lv,,wwg,,
Aan de rechercheur,mwv,overhandigde,pv,de politieagente,ond,het dossier van de verdachte,lv,,wwg,,
Aan de bewakers van de gevangenis,mwv,droeg,pv,de politie,ond,de veroordeelde crimineel,lv,,wwg,over,restpv
Ons,mwv,heeft,pv,Johan,ond,een verrassing,lv,beloofd,wwg,,
Aan het dierenasiel,mwv,heeft,pv,de dierenwinkelketen,ond,nieuwe hondenmanden,lv,geschonken,wwg,,
Aan de fietsers zonder fietsverlichting,mwv,heeft,pv,de agent,ond,een waarschuwing,lv,gegeven,wwg,,
Haar zus in Amerika,mwv,heeft,pv,Esther,ond,typisch Nederlandse producten,lv,gestuurd,wwg,,
Aan de beste speler van het jeugdtoernooi,mwv,heeft,pv,de voorzitter van de honkbalvereniging,ond,een beker,lv,overhandigd,wwg,,
Aan het ziekenhuis in de Afghaanse hoofdstad,mwv,heeft,pv,het goede doel,ond,medicijnen,lv,geschonken,wwg,,
Aan het museum,mwv,heeft,pv,de verzamelaar,ond,zijn collectie gouden en zilveren munten,lv,geschonken,wwg,,
De trouwe gasten,mwv,heeft,pv,de kok,ond,een gratis dessert,lv,aangeboden,wwg,,
De hongerige gasten,mwv,heeft,pv,de ober,ond,de pompoensoep,lv,aangeraden,wwg,,
Haar kleinzoon,mwv,heeft,pv,de oma,ond,een hobbelpaard,lv,beloofd,wwg,,
De natgeregende leerlingen,mwv,heeft,pv,de conciërge,ond,handdoeken,lv,aangeboden,wwg,,
Aan de kersverse vader,mwv,heeft,pv,de voedvrouw,ond,de pasgeboren baby,lv,overhandigd,wwg,,
Aan hun leenheer,mwv,moesten,pv,de boeren,ond,een groot deel van hun oogst,lv,overhandigen,wwg,,
Aan de bestuurder van de zwaarbeladen auto,mwv,had,pv,de politieagente,ond,een stopsignaal,lv,gegeven,wwg,,
Aan zijn eigenwijze zoon,mwv,had,pv,de vader,ond,een goede regenjas,lv,aangeraden,wwg,,
Zijn collega's,mwv,gaf,pv,de jonge vader,ond,beschuit met muisjes,lv,,wwg,,
Aan Deense en Noorse militairen,mwv,heeft,pv,de NAVO,ond,het toezicht op de conflictregio,lv,overgedragen,wwg,,
Mij,mwv,heeft,pv,hij,ond,alles,lv,verteld,wwg,,
Zijn ouders,mwv,heeft,pv,hij,ond,deze film,lv,aangeraden,wwg,,
Aan dat stille meisje,mwv,heeft,pv,Marco,ond,haar telefoonnummer,lv,gevraagd,wwg,,
Aan de gestreste lerares,mwv,heeft,pv,de bedrijfsarts,ond,veel rust,lv,voorgeschreven,wwg,,
Aan zijn student,mwv,legde,pv,de rijleraar,ond,de werking van de motor,lv,,wwg,uit,restpv
Zijn ouders,mwv,heeft,pv,de student,ond,betere cijfers,lv,beloofd,wwg,,
Aan zijn toekomstige bruid,mwv,had,pv,de pianist,ond,een reisje naar Rome,lv,beloofd,wwg,,
Aan de piloot,mwv,had,pv,de luchtverkeersleiding,ond,het startsein,lv,gegeven,wwg,,
Aan de ambulancechauffeur,mwv,vertelde,pv,de telefoniste,ond,de locatie van het ongeluk,lv,,wwg,,
Aan de bierbrouwer,mwv,overhandigde,pv,de directeur,ond,het eeuwenoude recept,lv,,wwg,,
Aan het populaire dagblad,mwv,stuurde,pv,de tekenaar,ond,zijn nieuwe spotprent,lv,,wwg,,
Aan de Nederlandse wielrenner,mwv,ontnamen,pv,de achtervolgers,ond,de kans op een etappeoverwinning,lv,,wwg,,
Hun opa,mwv,hebben,pv,de kleinkinderen,ond,een sterrenkijker,lv,gegeven,wwg,,
Aan de dokterspost in Zuid-Congo,mwv,schonk,pv,het Nederlandse Rode kruis,ond,een nieuwe voorraad injectienaalden,lv,,wwg,,
Aan de Amerikaanse president,mwv,heeft,pv,de astronaut,ond,een stukje maansteen,lv,overhandigd,wwg,,
Aan de Nederlandse regering,mwv,overhandigde,pv,de asielzoeker,ond,zijn paspoort,lv,,wwg,,
Aan de eindexamenleerlingen,mwv,vroeg,pv,biologiedocent,ond,het antwoord op de meerkeuzevraag,lv,,wwg,,
Aan zijn teambaas,mwv,heeft,pv,de autocoureur,ond,een overwinning,lv,beloofd,wwg,,
De eigenaar van de mijn,mwv,vroegen,pv,de gouddelvers,ond,een beter salaris,lv,,wwg,,
Mij,mwv,heeft,pv,mijn tante,ond,twee antieke kandelaars,lv,nagelaten,wwg,,
Aan de wethouder,mwv,overhandigde,pv,het onderzoeksbureau,ond,de resultaten van het luchtverontreinigingsonderzoek,lv,,wwg,,
Aan zijn buurjongen,mwv,verkocht,pv,Johan,ond,zijn oude fiets,lv,,wwg,,
Aan de stagiair,mwv,heeft,pv,de tuinman,ond,de Latijnse naam van een zonnebloem,lv,verteld,wwg,,
Aan de slachtoffers,mwv,hebben,pv,de veroordeelde jongeren,ond,hun excuses,lv,aangeboden,wwg,,
Haar vier jongen,mwv,heeft,pv,de uil,ond,een muisje gegeven,lv,,wwg,,
Aan de geïnteresseerde klanten,mwv,verkocht,pv,de imker,ond,zijn speciale honing,lv,,wwg,,
Aan de huishoudster,mwv,overhandigde,pv,de hardwerkende stewardess,ond,de huissleutels,lv,,wwg,,
Aan het voetbalteam,mwv,vertelde,pv,de coach,ond,de opstelling,lv,,wwg,,
De jonge studenten,mwv,leerde,pv,de muziekleraar,ond,het notenschrift,lv,,wwg,,
Aan het bejaardentehuis,mwv,droeg,pv,de wijkverpleger,ond,de zorg voor de oude weduwe,lv,,wwg,over,restpv
Aan de gemeente,mwv,stuurden,pv,de nieuwe bewoners,ond,de plannen voor de renovatie,lv,,wwg,,
De hotelgasten,mwv,schonk,pv,de ober,ond,een glaasje mineraalwater,lv,,wwg,in,restpv
Mij,mwv,schreef,pv,de dermatoloog,ond,een speciaal zalfje,lv,,wwg,voor,restpv
Ons,mwv,vertelde,pv,het verloofde paar,ond,de datum van hun aanstaande huwelijk,lv,,wwg,,
De wachtende passagiers,mwv,deelde,pv,de grondstewardess,ond,de vertraging,lv,,wwg,mee,restpv
Aan haar beste vriendin,mwv,stuurde,pv,Emma,ond,lange e-mails,lv,,wwg,,
De ouders en hun kinderen,mwv,raadde,pv,de diëtiste,ond,een gezonder ontbijt,lv,,wwg,aan,restpv
Aan de klant,mwv,overhandigde,pv,de fietsenmaker,ond,de gerepareerde fiets,lv,,wwg,,
Aan de sporter,mwv,vertelde,pv,de fysiotherapeut,ond,de gevolgen van zijn knieblessure,lv,,wwg,,
Jullie,mwv,heeft,pv,hij,ond,leugens,lv,verteld,wwg,,
Aan elkaar,mwv,stuurden,pv,de vriendinnen,ond,korte berichtjes,lv,,wwg,,
Haar welpjes,mwv,leerde,pv,de leeuwin,ond,de trucs voor een goede jacht,lv,,wwg,,
De spits,mwv,ontnamen,pv,de twee harde verdedigers,ond,een scoringskans,lv,,wwg,,
Aan het Stedelijk museum,mwv,schenkt,pv,de verzamelaar van moderne kunst,ond,het beroemde schilderij,lv,,wwg,,
Aan het laboratorium,mwv,schenkt,pv,de rijke zakenman,ond,zestigduizend euro,lv,,wwg,,
Aan het weeshuis,mwv,heeft,pv,mijn school,ond,speelgoed en kleren,lv,geschonken,wwg,,
Alle toprestaurants,mwv,leveren,pv,wij,ond,onze tropische vruchten,lv,,wwg,,
Bijna alle scholieren,mwv,levert,pv,dit bedrijf,ond,de schoolboeken,lv,,wwg,,
Aan het personeel van de intensivecareafdeling,mwv,draagt,pv,de chirurg,ond,de patiënt,lv,,wwg,over,restpv
Aan haar herdershond,mwv,heeft,pv,het meisje,ond,een nieuw trucje,lv,geleerd,wwg,,
Aan zijn beste vriend,mwv,heeft,pv,Jeroen,ond,zijn geheim,lv,verteld,wwg,,
Aan de jonge dichter,mwv,overhandigde,pv,de jury,ond,de eerste prijs,lv,,wwg,,
De dappere brandweermannen,mwv,overhandigde,pv,de burgemeester,ond,de koninklijke onderscheidingen,lv,,wwg,,
Aan het medisch team,mwv,droeg,pv,het personeel van de traumahelikopter,ond,de patiënt,lv,,wwg,over,restpv
Aan de nieuwe klassenleraar,mwv,droeg,pv,de oud-mentor,ond,de leerlingendossiers,lv,,wwg,over,restpv
Haar dochters,mwv,liet,pv,de overleden vrouw,ond,haar porseleinverzameling,lv,,wwg,na,restpv
Aan de barman,mwv,heeft,pv,de stamgast,ond,de openstaande rekening,lv,betaald,wwg,,
Aan het antiquariaat,mwv,heeft,pv,mijn buurvrouw,ond,haar zilveren sieraden,lv,verkocht,wwg,,
Jou,mwv,heb,pv,ik,ond,mijn favoriete boek,lv,geleend,wwg,,
Haar,mwv,wilde,pv,ik,ond,mijn schaatsen,lv,lenen,wwg,,
Aan het museum,mwv,hebben,pv,de archeologen,ond,de bronzen beeldjes,lv,overhandigd,wwg,,
Aan de duizendste bezoekers,mwv,heeft,pv,het restaurant,ond,een gratis diner,lv,aangeboden,wwg,,
De gasten,mwv,bood,pv,het hotel,ond,een stadswandeling,lv,,wwg,aan,restpv
De minister-president,mwv,wilden,pv,de demonstranten,ond,hun brief met eisen,lv,overhandigen,wwg,,
Aan de buurtbewoners,mwv,wilde,pv,de huis-aan-huisverkoper,ond,een nieuwe verzekering,lv,verkopen,wwg,,
Aan de spits,mwv,ontfutselde,pv,de keeper,ond,de bal,lv,,wwg,,
Aan de doktersassistent,mwv,vroeg,pv,de verkouden patiënt,ond,een herhalingsrecept,lv,,wwg,,
Aan de eindredacteur,mwv,stuurde,pv,de journalist,ond,zijn nieuwste artikel,lv,,wwg,,
Aan de regisseur,mwv,vroeg,pv,de acteur,ond,extra aanwijzingen,lv,,wwg,,
Aan de overspannen werknemer,mwv,heeft,pv,de bedrijfsarts,ond,drie weken rust,lv,voorgeschreven,wwg,,
Aan haar ouders,mwv,heeft,pv,de zwangere vrouw,ond,het goede nieuws,lv,verteld,wwg,,
Mijn beste vriend,mwv,wilde,pv,ik,ond,een kaartje,lv,sturen,wwg,,
Aan de zeurende middenvelder,mwv,heeft,pv,de scheidsrechter,ond,een waarschuwing,lv,gegeven,wwg,,
Aan de toeriste,mwv,legde,pv,de behulpzame voorbijganger,ond,de route naar het hostel,lv,,wwg,uit,restpv
Aan de jeugdspelers van Emmen,mwv,legde,pv,de spitsentrainer,ond,de effectieve schijnbeweging,lv,,wwg,uit,restpv
Aan de danseres,mwv,gaf,pv,de presentator,ond,een complimentje,lv,,wwg,,
Aan haar kleindochter,mwv,liet,pv,de overleden vrouw,ond,een achttiende-eeuws poppenhuis,lv,,wwg,na,restpv
Aan de potentiële klanten,mwv,vertelde,pv,de autoverkoper,ond,de prijs van de nieuwste Mercedes,lv,,wwg,,
Aan de middelbare scholier,mwv,raadde,pv,de tandarts,ond,frisdrank en kauwgum,lv,,wwg,af,restpv
Aan de vrouw met oorpijn,mwv,schreef,pv,de huisarts,ond,sterkere medicijnen,lv,,wwg,voor,restpv
Aan de koning,mwv,vroeg,pv,de ridder,ond,de hand van zijn jongste dochter,lv,,wwg,,
Aan zijn zieke fan,mwv,heeft,pv,de zanger,ond,een privéconcert,lv,gegeven,wwg,,
De straatmuzikant,mwv,gaven,pv,de toeristen,ond,hun kleingeld,lv,,wwg,,
Aan zijn kleine neefje,mwv,heeft,pv,de jongen,ond,een spannend verhaaltje,lv,verteld,wwg,,
Aan de enthousiaste kinderen,mwv,wilde,pv,de kleuterjuf,ond,een nieuw liedje,lv,leren,wwg,,
De gasten,mwv,overhandigde,pv,de kelner,ond,de rekening,lv,,wwg,,
Zijn konijnen,mwv,heeft,pv,de dierenvriend,ond,een wortel,lv,gegeven,wwg,,
Zijn beste verkoper,mwv,beloofde,pv,de directeur,ond,een reisje naar Parijs,lv,,wwg,,
Aan de spits,mwv,gaf,pv,de middenvelder,ond,een geweldige pass,lv,,wwg,,
Aan de bouwvakker,mwv,raadde,pv,de specialist,ond,betere schoenen,lv,,wwg,aan,restpv